CUS ID,Customer Age (Months)
CUS-1471650,24
CUS-1087300,25
CUS-230550,12
CUS-1470950,22
CUS-1526100,11
CUS-1507900,12
CUS-1430550,28
CUS-484050,7
CUS-1485600,22
CUS-1479150,13
CUS-1485450,13
CUS-1485500,13
CUS-1548450,7
CUS-1521000,7
CUS-1513350,7
CUS-429950,24
CUS-343100,14
CUS-445700,30
CUS-1497700,20
CUS-1459650,12
CUS-1490400,19
CUS-1514100,13
CUS-1468500,25
CUS-1530300,3
CUS-1455050,25
CUS-1487050,16
CUS-1482350,13
CUS-1434900,13
CUS-5452900,17
CUS-1435400,32
CUS-1554450,4
CUS-552050,3
CUS-542600,15
CUS-289800,29
CUS-355050,55
CUS-1451500,22
CUS-1399350,6
CUS-826800,26
CUS-759650,26
CUS-1097250,38
CUS-1454500,12
CUS-1489100,18
CUS-1589350,4
CUS-1396700,12
CUS-957200,25
CUS-527200,38
CUS-332600,42
CUS-383850,39
CUS-1520400,8
CUS-1517150,7
CUS-205000,10
CUS-1520650,13
CUS-1464300,17
CUS-150500,72
CUS-152900,72
CUS-1551100,4
CUS-1575550,4
CUS-1523550,4
CUS-1161800,25
CUS-183300,69
CUS-1478900,22
CUS-1160350,34
CUS-350250,17
CUS-1497450,16
CUS-158950,16
CUS-1458050,12
CUS-1456200,27
CUS-1485400,15
CUS-703550,12
CUS-534000,22
CUS-154450,39
CUS-1481250,12
CUS-159850,70
CUS-1570500,4
CUS-175100,16
CUS-1491900,19
CUS-387950,7
CUS-1455350,9
CUS-1489250,18
CUS-1516200,13
CUS-1445650,28
CUS-1573650,4
CUS-1589700,4
CUS-1528550,11
CUS-706700,8
CUS-1489400,18
CUS-1501100,16
CUS-1559050,7
CUS-1497250,10
CUS-1528350,6
CUS-1481050,22
CUS-1481600,22
CUS-845700,40
CUS-1510450,12
CUS-1559300,7
CUS-570900,12
CUS-476900,49
CUS-1481750,21
CUS-168600,43
CUS-309400,43
CUS-152150,54
CUS-175150,36
CUS-175250,43
CUS-175200,43
CUS-1511700,3
CUS-1442100,31
CUS-1607850,6
CUS-1575050,2
CUS-783250,32
CUS-1328050,25
CUS-1450800,11
CUS-372100,53
CUS-1515900,13
CUS-1493700,19
CUS-1494100,20
CUS-160250,28
CUS-259600,2
CUS-1454050,28
CUS-157650,41
CUS-1460000,12
CUS-1487700,14
CUS-397600,4
CUS-401300,55
CUS-927800,40
CUS-552650,48
CUS-609850,12
CUS-1567800,4
CUS-1538850,7
CUS-385900,25
CUS-552600,39
CUS-161850,34
CUS-1496400,15
CUS-1441150,13
CUS-1577150,5
CUS-165050,27
CUS-1459850,17
CUS-1560950,7
CUS-796350,37
CUS-1507050,5
CUS-1507100,5
CUS-1507150,5
CUS-1056600,28
CUS-1437150,30
CUS-1502300,13
CUS-175300,4
CUS-1600450,3
CUS-1077950,9
CUS-1077850,9
CUS-908950,36
CUS-1078000,9
CUS-1515050,13
CUS-1031550,18
CUS-175350,37
CUS-1250100,7
CUS-320250,13
CUS-505000,47
CUS-1272750,13
CUS-753900,24
CUS-150550,7
CUS-277800,53
CUS-166050,72
CUS-1436600,21
CUS-1497650,17
CUS-162250,2
CUS-1063550,5
CUS-1487650,3
CUS-793200,27
CUS-5604300,1
CUS-334000,26
CUS-1019500,36
CUS-378850,54
CUS-1503950,14
CUS-1453650,23
CUS-317600,20
CUS-1598950,3
CUS-1201450,3
CUS-329450,32
CUS-703450,45
CUS-703500,45
CUS-703400,45
CUS-1501200,15
CUS-550150,36
CUS-1324000,3
CUS-370200,38
CUS-180400,5
CUS-828400,37
CUS-1281200,35
CUS-1492050,22
CUS-1468800,22
CUS-1234250,31
CUS-152400,4
CUS-565500,49
CUS-1103750,37
CUS-5604250,2
CUS-1056650,28
CUS-732750,40
CUS-1498300,3
CUS-1474750,13
CUS-927750,40
CUS-1565050,4
CUS-927700,40
CUS-1573900,5
CUS-1446950,24
CUS-160200,26
CUS-5600750,3
CUS-583300,5
CUS-1444600,30
CUS-1516850,3
CUS-1521100,3
CUS-230500,63
CUS-1088650,9
CUS-236800,58
CUS-547850,18
CUS-674700,2
CUS-224800,52
CUS-158900,18
CUS-1484900,15
CUS-1280200,26
CUS-346400,53
CUS-224850,13
CUS-273900,11
CUS-701050,42
CUS-156550,1
CUS-547900,1
CUS-1149100,34
CUS-312250,2
CUS-440800,53
CUS-498000,14
CUS-531400,3
CUS-1509600,12
CUS-165100,18
CUS-199700,47
CUS-834200,6
CUS-1261350,6
CUS-1568050,2
CUS-166650,4
CUS-1517050,9
CUS-234900,11
CUS-1541700,9
CUS-1539300,9
CUS-1539350,9
CUS-1486250,7
CUS-578400,54
CUS-1552200,7
CUS-1326000,14
CUS-156350,26
CUS-155350,70
CUS-1600300,2
CUS-1449100,28
CUS-1588050,1
CUS-467600,5
CUS-507000,11
CUS-155850,72
CUS-547550,50
CUS-513750,47
CUS-1552950,6
CUS-349050,57
CUS-1290050,30
CUS-1478100,23
CUS-1521050,3
CUS-174350,10
CUS-1606400,6
CUS-1456350,24
CUS-1467050,12
CUS-1476450,25
CUS-1476150,22
CUS-672900,46
CUS-1585500,4
CUS-739750,25
CUS-158850,56
CUS-1467900,24
CUS-1584400,1
CUS-245150,36
CUS-986100,26
CUS-1502900,15
CUS-1441450,14
CUS-1495550,12
CUS-561350,3
CUS-153000,9
CUS-1514550,13
CUS-751350,31
CUS-1441700,28
CUS-907950,41
CUS-404250,5
CUS-1493050,18
CUS-166000,39
CUS-1494150,19
CUS-1456750,28
CUS-304350,6
CUS-1497800,20
CUS-270200,12
CUS-1475350,23
CUS-337900,56
CUS-1483500,12
CUS-499600,26
CUS-1485650,12
CUS-1188300,12
CUS-608550,7
CUS-1580550,4
CUS-1494000,16
CUS-1456800,13
CUS-1465200,12
CUS-734450,4
CUS-1267350,35
CUS-1267450,25
CUS-1267400,12
CUS-1569700,7
CUS-1569750,7
CUS-1468200,24
CUS-1535100,7
CUS-1487450,12
CUS-198350,47
CUS-1464150,5
CUS-1102150,38
CUS-1579000,4
CUS-1480550,22
CUS-1492200,12
CUS-1569550,5
CUS-1521500,11
CUS-503800,21
CUS-329000,60
CUS-1437350,31
CUS-1601250,5
CUS-1460150,17
CUS-1471550,12
CUS-1481850,3
CUS-1478150,13
CUS-476500,49
CUS-343000,24
CUS-596050,15
CUS-1510950,13
CUS-591000,47
CUS-160100,19
CUS-5617700,11
CUS-1517800,13
CUS-923850,16
CUS-1587550,6
CUS-1466750,18
CUS-556900,48
CUS-1559500,8
CUS-1496900,16
CUS-879150,15
CUS-1442200,9
CUS-1333000,6
CUS-477000,35
CUS-1471600,19
CUS-1486450,13
CUS-290550,23
CUS-1490450,19
CUS-1605600,2
CUS-1458100,25
CUS-165700,43
CUS-1042500,6
CUS-863700,17
CUS-885550,25
CUS-1607100,5
CUS-244950,4
CUS-236600,20
CUS-262450,51
CUS-1559900,4
CUS-1597400,4
CUS-1436200,5
CUS-1492450,1
CUS-1471400,24
CUS-1494300,19
CUS-1537800,10
CUS-1502700,16
CUS-1437050,32
CUS-1515700,13
CUS-1002400,39
CUS-1483050,19
CUS-656700,16
CUS-1456600,22
CUS-1500200,16
CUS-1520250,13
CUS-172850,68
CUS-424550,54
CUS-547400,38
CUS-1464850,12
CUS-349150,57
CUS-1447650,30
CUS-1447400,12
CUS-1553000,6
CUS-908900,42
CUS-1589750,4
CUS-156100,72
CUS-1233850,13
CUS-1502750,14
CUS-1497050,4
CUS-558150,44
CUS-1528600,6
CUS-1472200,23
CUS-5605550,1
CUS-607700,48
CUS-510050,50
CUS-476700,49
CUS-1490150,12
CUS-1467750,25
CUS-1552300,4
CUS-552000,6
CUS-1526000,2
CUS-843200,13
CUS-1446900,29
CUS-1441050,29
CUS-1441100,29
CUS-1478350,21
CUS-950700,40
CUS-285500,3
CUS-893950,24
CUS-1053700,34
CUS-1500450,16
CUS-1534450,10
CUS-262500,19
CUS-359950,7
CUS-360000,7
CUS-1598150,6
CUS-1478800,3
CUS-1490200,6
CUS-340500,4
CUS-724550,42
CUS-398050,51
CUS-1587000,4
CUS-1467950,23
CUS-1520850,11
CUS-1532500,4
CUS-1078200,9
CUS-1579850,4
CUS-1450700,4
CUS-1458200,12
CUS-418850,6
CUS-1286600,21
CUS-174450,14
CUS-1483600,20
CUS-508550,28
CUS-444950,13
CUS-600200,10
CUS-756850,27
CUS-576500,34
CUS-651350,44
CUS-1165050,36
CUS-1554800,3
CUS-1474700,3
CUS-1450550,15
CUS-303900,51
CUS-166800,57
CUS-1509500,14
CUS-1466500,22
CUS-325050,30
CUS-1500300,14
CUS-576050,6
CUS-159200,72
CUS-1521250,12
CUS-1483150,19
CUS-1337250,34
CUS-1552350,6
CUS-200350,65
CUS-1513300,13
CUS-1450500,29
CUS-1457450,24
CUS-1457500,19
CUS-187350,4
CUS-597900,24
CUS-1432700,12
CUS-1553050,7
CUS-1475250,15
CUS-159650,50
CUS-254300,5
CUS-606700,4
CUS-1441800,17
CUS-1288650,3
CUS-267900,6
CUS-246300,58
CUS-1507300,15
CUS-151100,3
CUS-190300,67
CUS-158700,72
CUS-1436850,11
CUS-1514050,13
CUS-1499900,12
CUS-1500400,12
CUS-161750,34
CUS-1493250,18
CUS-1474400,23
CUS-1588950,3
CUS-908150,7
CUS-1471050,21
CUS-1542450,7
CUS-197850,55
CUS-1473350,11
CUS-166600,9
CUS-1597000,4
CUS-646950,16
CUS-1172350,32
CUS-1488800,18
CUS-1488850,19
CUS-1531800,9
CUS-5600650,2
CUS-1461300,13
CUS-231100,37
CUS-1346850,13
CUS-1531000,10
CUS-1483550,3
CUS-1310400,6
CUS-169600,7
CUS-1179000,3
CUS-1533750,8
CUS-1589600,3
CUS-167000,72
CUS-174500,35
CUS-1461550,24
CUS-1509200,13
CUS-1606650,2
CUS-1606700,2
CUS-1606750,2
CUS-1602000,2
CUS-1606800,2
CUS-1606850,2
CUS-1516100,12
CUS-1443050,2
CUS-618050,51
CUS-1509900,14
CUS-1145350,8
CUS-412200,28
CUS-1511400,14
CUS-1325650,11
CUS-1492100,19
CUS-157450,72
CUS-1503150,12
CUS-796400,38
CUS-1574350,4
CUS-1500900,13
CUS-1536350,9
CUS-1434700,17
CUS-166450,59
CUS-801400,3
CUS-1516700,10
CUS-393100,2
CUS-1484950,20
CUS-1461000,24
CUS-1478200,23
CUS-790100,10
CUS-183550,21
CUS-335100,19
CUS-1461800,24
CUS-250350,24
CUS-1468700,25
CUS-199350,10
CUS-1141400,7
CUS-532950,49
CUS-1501300,16
CUS-596350,47
CUS-879300,40
CUS-1451650,8
CUS-561550,37
CUS-404600,7
CUS-1479700,4
CUS-155950,72
CUS-424400,54
CUS-1447200,30
CUS-1464900,12
CUS-291550,42
CUS-349000,60
CUS-1091300,36
CUS-1447250,12
CUS-1553100,6
CUS-417150,53
CUS-424450,54
CUS-197700,17
CUS-5604950,1
CUS-158650,35
CUS-1446300,12
CUS-1157000,24
CUS-1440050,30
CUS-739100,36
CUS-277750,23
CUS-1534800,9
CUS-305050,59
CUS-1219750,28
CUS-767350,41
CUS-1509800,14
CUS-1481900,3
CUS-862150,39
CUS-182200,67
CUS-387600,27
CUS-5607600,29
CUS-165800,20
CUS-175450,5
CUS-1048200,20
CUS-1567350,6
CUS-1454650,25
CUS-1465950,25
CUS-630600,25
CUS-1460200,17
CUS-639900,7
CUS-812150,22
CUS-1456450,28
CUS-316600,27
CUS-1463800,12
CUS-439300,51
CUS-851200,27
CUS-1507250,15
CUS-1531100,9
CUS-1485050,19
CUS-161800,47
CUS-1551650,8
CUS-1441600,33
CUS-1147000,6
CUS-1482300,12
CUS-1597050,4
CUS-1597100,4
CUS-166550,29
CUS-1516350,12
CUS-1468750,24
CUS-1285150,34
CUS-1434650,26
CUS-788050,29
CUS-5603050,1
CUS-1455700,2
CUS-1560900,2
CUS-775950,39
CUS-1442050,18
CUS-785300,42
CUS-288000,23
CUS-335450,18
CUS-1444650,11
CUS-1553850,7
CUS-1441000,31
CUS-157800,60
CUS-316250,57
CUS-514100,24
CUS-557550,15
CUS-589000,3
CUS-414650,50
CUS-738700,12
CUS-804100,13
CUS-644400,12
CUS-915650,7
CUS-156150,13
CUS-796050,40
CUS-1460350,6
CUS-862100,39
CUS-1124350,32
CUS-1430200,10
CUS-714600,44
CUS-1427700,24
CUS-1546750,7
CUS-1441400,5
CUS-679600,32
CUS-1449200,1
CUS-205900,62
CUS-185300,68
CUS-1510400,10
CUS-1516250,13
CUS-5599400,1
CUS-5603000,1
CUS-1481950,20
CUS-1171350,24
CUS-1470150,26
CUS-754150,10
CUS-1502000,13
CUS-927650,5
CUS-1559650,6
CUS-542800,17
CUS-557000,26
CUS-1507950,14
CUS-152800,33
CUS-1476100,12
CUS-1538950,8
CUS-1605450,1
CUS-1525900,10
CUS-1510350,15
CUS-755350,10
CUS-1450450,28
CUS-476800,7
CUS-201850,11
CUS-1530500,10
CUS-270350,49
CUS-285550,33
CUS-270850,7
CUS-200600,4
CUS-1528200,10
CUS-490450,37
CUS-1446250,29
CUS-1499800,16
CUS-643900,3
CUS-155700,16
CUS-1514950,10
CUS-1467200,24
CUS-1484400,5
CUS-278850,28
CUS-250400,19
CUS-5607950,1
CUS-1546550,6
CUS-1441850,16
CUS-1441900,17
CUS-1567500,5
CUS-1442000,17
CUS-1567550,3
CUS-763850,25
CUS-1505950,15
CUS-1437100,25
CUS-1528050,10
CUS-1536050,10
CUS-1469150,12
CUS-1461150,25
CUS-1586900,3
CUS-1198150,4
CUS-459900,11
CUS-1470900,13
CUS-1235500,36
CUS-591550,3
CUS-315700,7
CUS-1510150,14
CUS-1471300,14
CUS-1508200,15
CUS-1479850,22
CUS-1455100,28
CUS-1493800,16
CUS-1446500,29
CUS-1469300,23
CUS-1513900,13
CUS-158600,72
CUS-1458750,17
CUS-1551900,5
CUS-1529450,6
CUS-287300,14
CUS-1597250,4
CUS-1459400,27
CUS-1559700,5
CUS-469700,23
CUS-1478950,13
CUS-264250,10
CUS-1477950,4
CUS-1560200,3
CUS-1477650,22
CUS-1544450,6
CUS-340450,57
CUS-960300,17
CUS-361450,16
CUS-1559100,7
CUS-1146150,5
CUS-589150,48
CUS-294600,60
CUS-309800,5
CUS-457850,26
CUS-1525450,10
CUS-1520950,10
CUS-596250,2
CUS-1446450,30
CUS-954600,4
CUS-1510850,15
CUS-1203300,36
CUS-635550,16
CUS-1530900,12
CUS-1486400,12
CUS-159900,21
CUS-1488100,19
CUS-1440700,36
CUS-1441650,33
CUS-1490250,12
CUS-1502950,11
CUS-335900,32
CUS-1449000,31
CUS-1449050,31
CUS-1451300,30
CUS-174550,40
CUS-1499500,16
CUS-185850,20
CUS-436250,14
CUS-162100,72
CUS-923750,15
CUS-863400,3
CUS-1524000,12
CUS-1080950,2
CUS-338700,54
CUS-1429300,31
CUS-1473900,23
CUS-176550,36
CUS-1465050,11
CUS-477600,23
CUS-292700,47
CUS-534950,12
CUS-834400,7
CUS-537550,10
CUS-1490900,19
CUS-1456400,6
CUS-463400,53
CUS-1179250,31
CUS-1457200,6
CUS-1474350,23
CUS-1468600,12
CUS-1488150,18
CUS-514050,24
CUS-362300,56
CUS-1336650,27
CUS-1495450,17
CUS-855400,14
CUS-1560750,6
CUS-692150,44
CUS-1186150,4
CUS-502250,33
CUS-1189650,36
CUS-1512050,15
CUS-1352350,34
CUS-1352250,34
CUS-1477750,24
CUS-1129750,36
CUS-1352450,34
CUS-1477500,24
CUS-1477850,54
CUS-1352400,34
CUS-1477550,24
CUS-160350,61
CUS-158550,40
CUS-1585900,1
CUS-1172200,34
CUS-1456250,28
CUS-1489600,20
CUS-667900,47
CUS-208300,65
CUS-645900,45
CUS-1429750,15
CUS-1487350,16
CUS-1174050,16
CUS-1162550,35
CUS-1174150,16
CUS-1521600,16
CUS-1430500,32
CUS-1442750,23
CUS-1438550,24
CUS-1521400,19
CUS-1442600,24
CUS-764550,35
CUS-200300,55
CUS-743950,40
CUS-1293350,25
CUS-351800,46
CUS-1474600,23
CUS-1558100,7
CUS-1466150,24
CUS-606300,33
CUS-1252550,33
CUS-270250,49
CUS-322450,42
CUS-634000,21
CUS-753450,4
CUS-1470750,23
CUS-1520150,4
CUS-396600,10
CUS-1520200,11
CUS-1509950,10
CUS-519900,10
CUS-152200,35
CUS-490200,51
CUS-1488500,12
CUS-1056750,28
CUS-758650,13
CUS-1570150,4
CUS-1513450,14
CUS-1542650,7
CUS-1545200,6
CUS-1457100,24
CUS-157600,1
CUS-1461950,26
CUS-166250,70
CUS-1520700,13
CUS-1469700,7
CUS-494000,37
CUS-1501150,13
CUS-154050,12
CUS-1482250,22
CUS-1483100,22
CUS-386800,10
CUS-1480850,12
CUS-1463200,10
CUS-1501700,15
CUS-1472300,18
CUS-177450,10
CUS-362250,6
CUS-1158750,13
CUS-1501250,16
CUS-151050,35
CUS-151150,69
CUS-778300,46
CUS-1595650,1
CUS-543000,13
CUS-542900,13
CUS-542950,13
CUS-542850,13
CUS-1478550,21
CUS-1607250,3
CUS-1446550,30
CUS-1562300,5
CUS-162200,54
CUS-1146250,2
CUS-1414950,25
CUS-1462300,26
CUS-151550,12
CUS-314750,57
CUS-157550,25
CUS-417250,11
CUS-316700,7
CUS-418100,9
CUS-1305500,13
CUS-1471700,24
CUS-609750,15
CUS-404400,45
CUS-1585950,1
CUS-253750,39
CUS-1521650,3
CUS-533750,51
CUS-1526150,11
CUS-610450,4
CUS-1528400,10
CUS-241450,62
CUS-746700,13
CUS-1559850,6
CUS-586750,6
CUS-155800,69
CUS-1551150,8
CUS-1524100,11
CUS-5600500,2
CUS-998500,15
CUS-1490600,12
CUS-1525550,11
CUS-362050,19
CUS-1543200,8
CUS-157500,31
CUS-1462050,12
CUS-777900,43
CUS-1577050,5
CUS-639450,27
CUS-1553650,7
CUS-229900,35
CUS-683100,46
CUS-633500,10
CUS-571400,14
CUS-1496700,15
CUS-376750,13
CUS-1567600,3
CUS-304750,53
CUS-1166050,24
CUS-1444300,22
CUS-806850,43
CUS-807100,43
CUS-152050,71
CUS-1508250,15
CUS-1510050,15
CUS-1510100,15
CUS-1165300,10
CUS-199600,57
CUS-1536300,5
CUS-1445600,3
CUS-1537400,10
CUS-1549400,7
CUS-1206000,35
CUS-1543250,8
CUS-704850,36
CUS-1487750,15
CUS-1453950,15
CUS-221850,21
CUS-1052100,30
CUS-158500,23
CUS-1584050,5
CUS-907250,3
CUS-895150,15
CUS-627000,43
CUS-1570200,4
CUS-954250,21
CUS-1450850,26
CUS-1482700,20
CUS-680600,3
CUS-1479950,11
CUS-300950,3
CUS-851850,12
CUS-579150,12
CUS-372400,26
CUS-1506700,3
CUS-1518200,13
CUS-264050,6
CUS-1281350,4
CUS-160550,72
CUS-574650,7
CUS-338100,41
CUS-1559150,7
CUS-159300,66
CUS-1459950,2
CUS-1471750,24
CUS-5605750,39
CUS-1484500,22
CUS-831150,30
CUS-1554050,7
CUS-166150,70
CUS-1558000,7
CUS-1568150,8
CUS-1472600,16
CUS-1430600,23
CUS-240400,6
CUS-924350,15
CUS-1520050,12
CUS-166700,72
CUS-602800,22
CUS-1347050,35
CUS-1455650,27
CUS-1450750,24
CUS-201750,13
CUS-856700,9
CUS-254800,19
CUS-1078150,9
CUS-1078100,9
CUS-175950,6
CUS-295550,18
CUS-1470700,13
CUS-1607700,3
CUS-1052000,30
CUS-470900,7
CUS-1474650,14
CUS-1449800,9
CUS-1068750,36
CUS-1475750,24
CUS-597950,4
CUS-1599300,4
CUS-1472650,13
CUS-1205200,4
CUS-1473300,12
CUS-1438700,32
CUS-1440250,32
CUS-160150,69
CUS-1134350,35
CUS-1558200,8
CUS-1558250,8
CUS-1558300,8
CUS-1558400,8
CUS-1558450,8
CUS-1558550,8
CUS-1558600,8
CUS-1558650,8
CUS-1558750,8
CUS-1558800,8
CUS-1559600,8
CUS-1558900,8
CUS-1558950,8
CUS-1535750,8
CUS-1480300,16
CUS-1463500,22
CUS-537150,19
CUS-896100,10
CUS-1450100,29
CUS-372600,17
CUS-1040600,39
CUS-1025800,39
CUS-792350,42
CUS-1444500,24
CUS-711000,45
CUS-1047150,38
CUS-832650,41
CUS-165650,34
CUS-1489750,17
CUS-332050,52
CUS-292450,2
CUS-1564700,6
CUS-1482950,3
CUS-1554550,4
CUS-1600250,2
CUS-519500,37
CUS-1262600,34
CUS-157750,70
CUS-463450,53
CUS-1520300,12
CUS-189700,65
CUS-1469200,16
CUS-781400,8
CUS-1492600,25
CUS-1525000,10
CUS-423950,5
CUS-1572850,5
CUS-156650,72
CUS-1536400,9
CUS-271500,12
CUS-1467600,24
CUS-548200,36
CUS-314850,55
CUS-1484250,13
CUS-1011600,11
CUS-814900,9
CUS-555350,29
CUS-1524250,11
CUS-1525950,10
CUS-812200,41
CUS-1574100,8
CUS-5604900,1
CUS-1503300,14
CUS-1478050,21
CUS-1457050,25
CUS-1466200,26
CUS-1449350,12
CUS-820800,7
CUS-1585050,4
CUS-1006000,38
CUS-242750,25
CUS-244800,63
CUS-695600,6
CUS-1486900,5
CUS-1487100,5
CUS-1486950,5
CUS-1487000,5
CUS-1032150,38
CUS-316200,6
CUS-479050,8
CUS-1169900,2
CUS-153450,5
CUS-1469800,24
CUS-484400,13
CUS-613000,20
CUS-1468250,2
CUS-156000,66
CUS-424350,54
CUS-547450,38
CUS-1293150,35
CUS-1447350,30
CUS-1447450,12
CUS-513800,47
CUS-291650,57
CUS-1091250,36
CUS-417200,53
CUS-424300,54
CUS-1485800,21
CUS-937700,16
CUS-462250,53
CUS-259200,22
CUS-1446600,29
CUS-5602550,2
CUS-1501050,17
CUS-1488650,7
CUS-1503700,12
CUS-803200,6
CUS-1506350,12
CUS-1160900,35
CUS-158350,18
CUS-1459700,12
CUS-1444550,21
CUS-260600,4
CUS-1437250,4
CUS-768850,28
CUS-1464200,14
CUS-1496100,15
CUS-1496150,16
CUS-1496200,16
CUS-1496350,16
CUS-1493150,12
CUS-1496750,16
CUS-998550,6
CUS-1530650,10
CUS-640000,12
CUS-1552800,47
CUS-271550,61
CUS-1468300,24
CUS-1471800,24
CUS-1480050,12
CUS-1440950,12
CUS-158250,72
CUS-319550,14
CUS-955850,26
CUS-319450,14
CUS-292000,5
CUS-515000,3
CUS-1453750,27
CUS-1283250,27
CUS-1464100,24
CUS-155500,21
CUS-1500700,8
CUS-1486000,3
CUS-1482400,19
CUS-1520750,13
CUS-1443200,24
CUS-160000,72
CUS-169100,70
CUS-153500,1
CUS-1435350,24
CUS-1497950,20
CUS-330400,57
CUS-1495850,18
CUS-1495900,18
CUS-1483450,20
CUS-5603950,1
CUS-5604000,1
CUS-5603900,1
CUS-5603850,1
CUS-1487950,20
CUS-5605850,1
CUS-1552750,7
CUS-362650,54
CUS-1285450,18
CUS-156850,11
CUS-1577450,4
CUS-1488000,20
CUS-355700,23
CUS-460000,38
CUS-1577700,4
CUS-602150,6
CUS-313500,4
CUS-1513950,14
CUS-1473400,24
CUS-230450,63
CUS-1502350,3
CUS-1507850,13
CUS-1452550,12
CUS-1502450,3
CUS-1502500,3
CUS-1452600,12
CUS-796500,22
CUS-186350,35
CUS-331650,56
CUS-1279700,35
CUS-1072950,29
CUS-381600,53
CUS-1508050,8
CUS-1454950,27
CUS-1514300,11
CUS-5603100,2
CUS-1557750,1
CUS-1479600,21
CUS-1559400,1
CUS-1477300,21
CUS-1488250,19
CUS-1473050,4
CUS-1357850,33
CUS-1493500,19
CUS-219700,7
CUS-176000,8
CUS-1179100,32
CUS-1104650,12
CUS-1360450,6
CUS-1492650,9
CUS-155750,2
CUS-1194200,12
CUS-398000,54
CUS-1239150,3
CUS-156500,16
CUS-1488600,20
CUS-1463000,25
CUS-470950,16
CUS-460950,9
CUS-1489300,18
CUS-1489350,18
CUS-1465150,26
CUS-1270150,32
CUS-1329600,13
CUS-1484050,18
CUS-1299750,9
CUS-159100,10
CUS-245100,14
CUS-1529600,10
CUS-1544800,10
CUS-1378450,24
CUS-1482750,16
CUS-1488050,20
CUS-1559200,7
CUS-1553500,7
CUS-1511000,12
CUS-343450,9
CUS-1598800,1
CUS-1563250,6
CUS-1029150,24
CUS-1516650,12
CUS-1476700,2
CUS-152100,36
CUS-1502150,13
CUS-237500,10
CUS-545150,15
CUS-231050,8
CUS-552450,36
CUS-262550,18
CUS-1577100,5
CUS-1538600,6
CUS-1471100,21
CUS-1562000,5
CUS-1451700,26
CUS-888350,37
CUS-1345100,9
CUS-288100,2
CUS-1453800,27
CUS-158200,69
CUS-1189700,10
CUS-1503750,14
CUS-1503100,14
CUS-1503850,14
CUS-1472500,15
CUS-1588400,2
CUS-1460750,24
CUS-240750,40
CUS-153900,51
CUS-1508300,15
CUS-1105700,13
CUS-1454600,29
CUS-1500000,17
CUS-5605000,1
CUS-1459800,11
CUS-1492400,12
CUS-1514350,12
CUS-1508100,15
CUS-795950,41
CUS-1541800,3
CUS-1446100,29
CUS-278350,6
CUS-1516800,13
CUS-257050,63
CUS-635300,23
CUS-390850,13
CUS-1503350,14
CUS-1512600,6
CUS-378500,13
CUS-1087500,13
CUS-311050,32
CUS-1513150,2
CUS-249050,29
CUS-1480750,22
CUS-152500,30
CUS-1277050,14
CUS-208800,56
CUS-154300,53
CUS-1543650,10
CUS-1543600,10
CUS-1543700,10
CUS-1543800,10
CUS-1497300,12
CUS-1597300,2
CUS-347750,29
CUS-222250,64
CUS-1520800,13
CUS-950500,25
CUS-950450,40
CUS-1435500,33
CUS-1444350,23
CUS-378650,4
CUS-428600,7
CUS-1454700,17
CUS-434600,52
CUS-1452450,23
CUS-1010150,38
CUS-1484650,4
CUS-355600,22
CUS-355650,9
CUS-1499950,16
CUS-1513100,14
CUS-160500,63
CUS-1454000,10
CUS-1459750,6
CUS-440850,7
CUS-1539500,8
CUS-732700,8
CUS-825500,15
CUS-261450,20
CUS-1454750,28
CUS-241400,60
CUS-201900,12
CUS-249450,3
CUS-530450,47
CUS-151000,3
CUS-1471850,24
CUS-735500,37
CUS-237600,59
CUS-1482600,3
CUS-1554250,6
CUS-1586300,4
CUS-161200,30
CUS-1485100,19
CUS-268550,60
CUS-1454900,12
CUS-513950,24
CUS-1476950,23
CUS-1600650,1
CUS-157350,38
CUS-498050,10
CUS-1442450,32
CUS-174850,11
CUS-660400,47
CUS-261400,6
CUS-1450050,12
CUS-742850,30
CUS-1565600,6
CUS-1597350,3
CUS-1526250,3
CUS-300200,14
CUS-1474800,5
CUS-886850,4
CUS-1468550,15
CUS-1578450,3
CUS-1078250,9
CUS-1078400,9
CUS-1078300,9
CUS-361800,55
CUS-1531400,9
CUS-1485200,20
CUS-1479100,23
CUS-169650,9
CUS-1455200,27
CUS-157300,26
CUS-1472750,9
CUS-183350,39
CUS-234950,11
CUS-1463050,23
CUS-1520350,11
CUS-272600,60
CUS-1091150,36
CUS-686250,13
CUS-166300,72
CUS-595750,24
CUS-1493450,4
CUS-195300,57
CUS-1455450,8
CUS-1456900,27
CUS-1585400,2
CUS-312150,1
CUS-1477100,12
CUS-712600,44
CUS-162150,12
CUS-214800,27
CUS-314650,18
CUS-1560700,6
CUS-496650,25
CUS-225550,11
CUS-1487900,20
CUS-1403300,23
CUS-1484600,20
CUS-1562450,4
CUS-281300,57
CUS-885100,11
CUS-463700,6
CUS-159450,48
CUS-156600,10
CUS-1490950,19
CUS-1491000,19
CUS-1473000,60
CUS-195200,4
CUS-1190750,26
CUS-639400,31
CUS-1194100,37
CUS-1514900,8
CUS-1508950,8
CUS-1509300,8
CUS-1509350,8
CUS-1480800,12
CUS-173800,68
CUS-635700,35
CUS-836200,30
CUS-836250,30
CUS-836150,30
CUS-571300,50
CUS-1132850,12
CUS-563450,50
CUS-1567650,4
CUS-581600,44
CUS-1455900,13
CUS-524950,42
CUS-1502200,16
CUS-1453500,16
CUS-159700,37
CUS-515050,44
CUS-1482650,18
CUS-752450,20
CUS-1561000,6
CUS-1472450,10
CUS-1488300,19
CUS-1467000,12
CUS-1517250,13
CUS-1511100,13
CUS-1468850,8
CUS-1468900,13
CUS-1459300,23
CUS-1450300,27
CUS-1444400,30
CUS-152450,63
CUS-1032050,6
CUS-483850,12
CUS-1393900,31
CUS-1580700,4
CUS-912150,36
CUS-206600,12
CUS-1598500,3
CUS-1554300,7
CUS-5599700,1
CUS-1535400,4
CUS-1554150,8
CUS-1460300,17
CUS-744000,37
CUS-161650,72
CUS-744050,37
CUS-1500150,16
CUS-1453700,15
CUS-1442150,29
CUS-621600,41
CUS-270300,13
CUS-775100,10
CUS-1510500,12
CUS-1479050,18
CUS-1531150,9
CUS-1359550,9
CUS-1503450,14
CUS-1476600,23
CUS-1460400,12
CUS-248500,61
CUS-664600,5
CUS-642900,32
CUS-1350200,29
CUS-1442900,11
CUS-494250,37
CUS-1516600,9
CUS-1538000,8
CUS-1082550,35
CUS-452700,32
CUS-1090100,26
CUS-1538100,10
CUS-1517850,13
CUS-1329700,16
CUS-1478700,21
CUS-1478750,22
CUS-1030400,24
CUS-1497600,12
CUS-987600,18
CUS-920750,37
CUS-252250,61
CUS-1483000,20
CUS-1544850,8
CUS-1582300,4
CUS-1449950,24
CUS-304700,15
CUS-5602050,1
CUS-914900,11
CUS-1464250,6
CUS-676950,5
CUS-476850,49
CUS-152650,21
CUS-1479400,5
CUS-1449650,12
CUS-1129500,24
CUS-158150,58
CUS-1457950,19
CUS-1465400,7
CUS-1465450,7
CUS-1465500,7
CUS-1465600,7
CUS-604150,4
CUS-166200,44
CUS-1469550,23
CUS-1461200,26
CUS-1526800,13
CUS-1482900,6
CUS-607050,7
CUS-1495750,12
CUS-1562650,1
CUS-408050,18
CUS-1586100,1
CUS-1484350,15
CUS-1459450,27
CUS-1459500,26
CUS-1443100,31
CUS-1499750,10
CUS-1461450,25
CUS-1586700,3
CUS-223500,21
CUS-841000,21
CUS-461200,6
CUS-1442350,29
CUS-1469650,2
CUS-1206050,33
CUS-1557850,4
CUS-630550,14
CUS-1471900,24
CUS-1580750,4
CUS-1483300,3
CUS-1454150,28
CUS-1526200,10
CUS-665150,29
CUS-397650,5
CUS-1126800,28
CUS-726400,43
CUS-1442400,11
CUS-572250,12
CUS-228050,28
CUS-1530400,10
CUS-470750,53
CUS-1459900,2
CUS-1517350,13
CUS-158300,29
CUS-512700,20
CUS-1486050,21
CUS-1102650,37
CUS-1458950,24
CUS-1549550,7
CUS-1578400,2
CUS-1506000,13
CUS-1506050,13
CUS-1506100,13
CUS-1511600,13
CUS-1597500,4
CUS-1597550,4
CUS-1597600,5
CUS-1598600,1
CUS-1599850,5
CUS-1597650,4
CUS-1506200,13
CUS-1601450,5
CUS-1506250,13
CUS-1577400,7
CUS-1506300,13
CUS-226650,6
CUS-1005900,36
CUS-957900,39
CUS-1552700,7
CUS-1473450,24
CUS-1473550,21
CUS-902900,42
CUS-1474000,23
CUS-1473600,22
CUS-1474050,23
CUS-1473650,22
CUS-419600,47
CUS-788200,2
CUS-322550,57
CUS-619650,35
CUS-1461250,23
CUS-295200,4
CUS-185100,20
CUS-1233800,13
CUS-1511250,14
CUS-1518000,13
CUS-1518050,13
CUS-726750,44
CUS-1486150,19
CUS-1537450,9
CUS-253900,26
CUS-1569600,4
CUS-1589800,4
CUS-1597150,4
CUS-1499650,16
CUS-1488950,16
CUS-421850,51
CUS-1517750,11
CUS-1458500,24
CUS-291050,59
CUS-618000,26
CUS-1036400,11
CUS-1090300,20
CUS-1549450,5
CUS-1493850,12
CUS-1479000,23
CUS-1589200,3
CUS-185700,18
CUS-531500,40
CUS-1544250,3
CUS-1470800,22
CUS-593800,22
CUS-176100,58
CUS-774850,42
CUS-209750,17
CUS-155400,48
CUS-1537600,8
CUS-580050,38
CUS-661350,44
CUS-637400,14
CUS-1600200,5
CUS-1574200,5
CUS-172500,3
CUS-579650,25
CUS-1289700,24
CUS-495600,22
CUS-1449300,25
CUS-862500,4
CUS-243550,63
CUS-247250,10
CUS-1586150,1
CUS-1586200,1
CUS-1443800,14
CUS-1086200,30
CUS-151450,72
CUS-647750,1
CUS-571450,11
CUS-157700,71
CUS-1458550,21
CUS-201250,19
CUS-1476650,23
CUS-1536150,7
CUS-1498700,16
CUS-1393800,31
CUS-1471950,24
CUS-1364950,21
CUS-1595750,2
CUS-1169800,13
CUS-1462000,26
CUS-1537150,7
CUS-168850,45
CUS-531300,27
CUS-408200,3
CUS-1461900,3
CUS-907550,28
CUS-1380800,14
CUS-351350,54
CUS-1518300,12
CUS-588950,22
CUS-1483950,12
CUS-153550,18
CUS-718100,24
CUS-1544950,5
CUS-1444950,25
CUS-310250,2
CUS-314800,31
CUS-1301500,34
CUS-1569850,4
CUS-361700,2
CUS-561800,13
CUS-1500050,14
CUS-1476900,22
CUS-1541350,7
CUS-1519500,11
CUS-1486500,21
CUS-1486550,21
CUS-1457250,21
CUS-5607000,1
CUS-151800,8
CUS-1494250,18
CUS-1554900,3
CUS-153750,72
CUS-1509650,5
CUS-1507550,4
CUS-1543300,7
CUS-1559250,7
CUS-1561300,7
CUS-1545000,6
CUS-468500,37
CUS-1075600,7
CUS-775900,19
CUS-1460500,27
CUS-1586950,4
CUS-160400,41
CUS-966450,36
CUS-642800,8
CUS-1468650,21
CUS-1466300,14
CUS-1466350,14
CUS-1485150,19
CUS-152250,8
CUS-486200,8
CUS-352050,10
CUS-1596650,2
CUS-1526750,7
CUS-807000,2
CUS-1341800,9
CUS-1579750,4
CUS-1577800,4
CUS-991150,15
CUS-1449600,3
CUS-836700,12
CUS-1461850,15
CUS-530100,50
CUS-1485300,17
CUS-1469250,24
CUS-993250,35
CUS-201800,12
CUS-719100,28
CUS-311000,12
CUS-1373400,30
CUS-211950,3
CUS-1510550,5
CUS-1460600,13
CUS-1511300,5
CUS-1463600,27
CUS-418000,19
CUS-1490500,19
CUS-1360750,14
CUS-1569900,5
CUS-1455150,13
CUS-476750,49
CUS-156700,72
CUS-783350,10
CUS-1489550,17
CUS-698100,6
CUS-295100,2
CUS-1473850,22
CUS-1573600,4
CUS-763800,9
CUS-1472000,24
CUS-1491100,19
CUS-1449750,6
CUS-1453250,27
CUS-1481200,12
CUS-1460550,13
CUS-748200,30
CUS-1521150,10
CUS-153650,12
CUS-412550,10
CUS-665100,29
CUS-1580200,2
CUS-165750,72
CUS-1586550,6
CUS-1525250,12
CUS-1518400,13
CUS-164850,55
CUS-1585350,5
CUS-1474200,24
CUS-1580250,3
CUS-508750,14
CUS-190650,16
CUS-606900,44
CUS-861200,36
CUS-983600,45
CUS-1534700,7
CUS-1567200,2
CUS-1513550,13
CUS-1509750,13
CUS-1482500,19
CUS-1482550,19
CUS-1467650,26
CUS-1513650,12
CUS-1513600,12
CUS-1130700,35
CUS-1130750,21
CUS-1453200,3
CUS-1227550,26
CUS-499900,48
CUS-476600,49
CUS-428950,19
CUS-1050600,13
CUS-150700,30
CUS-708200,12
CUS-227850,11
CUS-405100,36
CUS-505050,36
CUS-1472050,24
CUS-452650,17
CUS-712800,3
CUS-421050,36
CUS-1444700,30
CUS-1460700,26
CUS-276400,59
CUS-1099250,13
CUS-219450,14
CUS-1499000,16
CUS-1503050,12
CUS-1542550,8
CUS-1172500,32
CUS-1469950,24
CUS-1470050,24
CUS-1517200,11
CUS-1295850,3
CUS-715900,41
CUS-1496000,12
CUS-1478850,12
CUS-5602400,1
CUS-1503000,13
CUS-785050,4
CUS-789100,16
CUS-169050,68
CUS-1445750,28
CUS-1587450,2
CUS-776800,9
CUS-401650,5
CUS-764500,25
CUS-1514500,3
CUS-900250,17
CUS-430100,6
CUS-463500,53
CUS-169400,9
CUS-1079950,27
CUS-156900,24
CUS-1517700,4
CUS-463600,41
CUS-1460450,12
CUS-1548400,8
CUS-1584300,3
CUS-198050,17
CUS-406850,13
CUS-421150,22
CUS-406900,22
CUS-421200,10
CUS-406750,20
CUS-421300,10
CUS-227250,3
CUS-160050,14
CUS-1459100,27
CUS-1498000,8
CUS-1493300,12
CUS-840750,8
CUS-631850,44
CUS-1574450,3
CUS-1449400,30
CUS-1501000,12
CUS-1469350,8
CUS-379050,21
CUS-671450,42
CUS-172100,62
CUS-1481000,14
CUS-1512550,14
CUS-166750,66
CUS-363150,3
CUS-1496550,19
CUS-1586750,2
CUS-169450,2
CUS-198900,8
CUS-237450,29
CUS-1528100,11
CUS-459950,40
CUS-726500,12
CUS-227350,8
CUS-153200,36
CUS-1493550,19
CUS-390000,12
CUS-362600,8
CUS-615000,47
CUS-746450,13
CUS-1514000,13
CUS-337850,11
CUS-1489800,14
CUS-1478500,18
CUS-1523000,4
CUS-1245900,3
CUS-244700,37
CUS-268450,38
CUS-161950,47
CUS-161900,51
CUS-240800,47
CUS-259250,39
CUS-1529250,11
CUS-1445800,4
CUS-1549250,5
CUS-1509850,7
CUS-1542150,9
CUS-332800,6
CUS-1052200,30
CUS-168000,42
CUS-237650,41
CUS-729600,3
CUS-1242200,35
CUS-732000,25
CUS-1538550,8
CUS-1455300,28
CUS-1496950,11
CUS-174300,12
CUS-1437300,31
CUS-1527250,10
CUS-1601650,3
CUS-268150,11
CUS-1587350,4
CUS-158050,60
CUS-1304000,11
CUS-1525300,7
CUS-263000,4
CUS-289850,57
CUS-746200,12
CUS-916650,25
CUS-815850,30
CUS-1280600,20
CUS-1607750,4
CUS-1486100,12
CUS-1464000,15
CUS-477800,38
CUS-1453900,23
CUS-1585300,5
CUS-1472150,24
CUS-535000,36
CUS-1541850,9
CUS-1451200,26
CUS-1597700,1
CUS-1446850,18
CUS-1476750,23
CUS-203250,62
CUS-1557350,5
CUS-1566350,7
CUS-1539150,7
CUS-152850,22
CUS-169000,18
CUS-573700,28
CUS-531350,36
CUS-1507700,8
CUS-1510250,3
CUS-1551800,5
CUS-1586250,1
CUS-1492800,13
CUS-1384400,18
CUS-158100,44
CUS-1105850,3
CUS-1484000,19
CUS-1513800,13
CUS-1607500,5
CUS-990850,3
CUS-338550,10
CUS-459100,15
CUS-1478600,11
CUS-205950,44
CUS-394200,44
CUS-580650,49
CUS-626250,53
CUS-590150,49
CUS-1489000,12
CUS-617450,51
CUS-608250,53
CUS-480100,49
CUS-714500,44
CUS-1517900,13
CUS-1520600,13
CUS-1488400,19
CUS-1492950,19
CUS-1607550,2
CUS-676000,3
CUS-414350,14
CUS-1456700,10
CUS-687150,11
CUS-211150,21
CUS-1518650,10
CUS-1559800,7
CUS-552750,6
CUS-957750,19
CUS-266200,61
CUS-949800,39
CUS-152000,67
CUS-1468400,12
CUS-1469600,15
CUS-152350,30
CUS-175750,30
CUS-1496600,19
CUS-154200,33
CUS-609800,2
CUS-152750,46
CUS-1500800,17
CUS-1497200,12
CUS-1498250,7
CUS-1514800,12
CUS-1496650,12
CUS-517600,19
CUS-1470400,21
CUS-519200,7
CUS-351050,55
CUS-1582450,3
CUS-1542300,8
CUS-1241050,14
CUS-1562700,4
CUS-1099500,12
CUS-1458250,3
CUS-158000,36
CUS-1508150,12
CUS-1481150,18
CUS-237550,31
CUS-1566750,4
CUS-566500,7
CUS-1607800,3
CUS-1531550,10
CUS-1051750,30
CUS-830700,42
CUS-833950,39
CUS-1216050,32
CUS-169300,9
CUS-1463400,25
CUS-1488450,17
CUS-1495800,6
CUS-153700,46
CUS-169200,58
CUS-232800,16
CUS-159500,22
CUS-559400,5
CUS-783450,43
CUS-1536550,7
CUS-1500500,12
CUS-5604350,1
CUS-993300,26
CUS-230750,21
CUS-1499600,17
CUS-1594350,4
CUS-1452500,3
