Customer ID,MRR
CUS-5602550,"$1,898"
CUS-683100,$600
CUS-150500,"$17,650"
CUS-701050,"$1,350"
CUS-778300,"$11,216"
CUS-902900,"$5,590"
CUS-950450,"$2,664"
CUS-1025800,"$2,300"
CUS-1160900,"$8,837"
CUS-1165050,"$1,182"
CUS-257050,"$4,000"
CUS-1242200,"$2,772"
CUS-1252550,"$6,500"
CUS-1279700,"$3,200"
CUS-151150,"$6,780"
CUS-1430500,"$2,700"
CUS-1430550,"$3,600"
CUS-1435400,$720
CUS-1435500,"$2,000"
CUS-1441600,"$1,000"
CUS-1441650,"$1,300"
CUS-1446900,"$2,870"
CUS-1450100,"$2,825"
CUS-1450450,"$8,232"
CUS-1450500,"$6,000"
CUS-1456750,"$9,182"
CUS-1457450,"$2,500"
CUS-1462300,"$3,585"
CUS-1465950,"$1,493"
CUS-1466150,"$1,000"
CUS-1468500,"$1,189"
CUS-1468650,"$1,770"
CUS-1468900,"$5,293"
CUS-1471050,$900
CUS-1471100,$900
CUS-1473450,"$2,859"
CUS-1473550,"$3,427"
CUS-1473600,"$3,144"
CUS-1473650,"$3,997"
CUS-1474000,"$1,862"
CUS-1474050,"$1,862"
CUS-1474600,"$1,600"
CUS-1476900,"$1,399"
CUS-1480300,"$1,403"
CUS-1486050,"$5,449"
CUS-1486150,"$8,298"
CUS-1487700,"$3,000"
CUS-1488600,$500
CUS-1490900,"$2,599"
CUS-1493700,"$1,500"
CUS-1499600,"$4,951"
CUS-1499950,"$1,618"
CUS-1500000,"$2,533"
CUS-1500500,"$2,184"
CUS-1501050,"$3,644"
CUS-1513300,"$4,745"
CUS-1513550,"$6,006"
CUS-1516800,"$1,080"
CUS-1517050,"$2,485"
CUS-1517250,"$3,941"
CUS-1517750,$500
CUS-1517850,"$2,367"
CUS-1518200,"$1,375"
CUS-1520800,"$2,412"
CUS-1520950,"$3,324"
CUS-1528350,"$7,500"
CUS-1528400,"$4,705"
CUS-1535100,"$1,860"
CUS-1536300,"$2,680"
CUS-1538000,"$3,300"
CUS-1551800,"$15,880"
CUS-1554150,"$1,300"
CUS-1558100,"$1,000"
CUS-1559800,"$4,062"
CUS-1565600,"$2,357"
CUS-1567500,"$1,488"
CUS-1567550,"$1,984"
CUS-1567600,$992
CUS-1567650,$856
CUS-1582300,"$2,580"
CUS-1582450,"$1,470"
CUS-1585350,"$3,906"
CUS-1586550,"$4,500"
CUS-151450,"$1,750"
CUS-316250,"$12,699"
CUS-414650,"$3,200"
CUS-462250,"$1,753"
CUS-463400,"$2,300"
CUS-463450,"$2,500"
CUS-463500,"$3,400"
CUS-505000,"$2,600"
CUS-619650,"$3,550"
CUS-5599400,"$2,850"
CUS-692150,"$7,571"
CUS-724550,"$4,161"
CUS-763850,"$8,504"
CUS-795950,"$4,643"
CUS-796050,"$5,346"
CUS-862100,"$1,127"
CUS-862150,$938
CUS-912150,"$5,803"
CUS-949800,"$2,884"
CUS-957900,"$18,953"
CUS-1010150,$679
CUS-1030400,"$1,761"
CUS-1087300,"$3,714"
CUS-1103750,"$5,245"
CUS-1130700,"$3,740"
CUS-1130750,$960
CUS-1172200,"$5,717"
CUS-1172350,"$2,006"
CUS-1172500,"$1,143"
CUS-1234250,"$3,857"
CUS-1286600,"$14,429"
CUS-1310400,"$7,928"
CUS-1364950,$960
CUS-1373400,"$2,775"
CUS-1437100,"$5,699"
CUS-1446250,"$3,393"
CUS-1449400,"$2,133"
CUS-1451700,"$4,770"
CUS-1453250,"$5,952"
CUS-1456250,$960
CUS-1460350,$938
CUS-1466300,"$5,296"
CUS-1466350,$576
CUS-1473850,"$3,319"
CUS-1477300,"$13,619"
CUS-1478700,"$1,457"
CUS-1478750,"$1,761"
CUS-1485150,"$5,744"
CUS-1487050,"$3,500"
CUS-1493800,"$7,366"
CUS-1494000,"$21,497"
CUS-1499650,"$5,698"
CUS-1500450,"$4,415"
CUS-1503100,"$35,506"
CUS-1503750,$308
CUS-1503850,$308
CUS-1506000,"$3,750"
CUS-1506050,"$2,700"
CUS-1506100,"$1,650"
CUS-1506200,"$2,550"
CUS-1506250,"$3,150"
CUS-1506300,"$3,525"
CUS-1509650,"$2,624"
CUS-1509750,"$4,643"
CUS-1510550,"$3,071"
CUS-1511250,"$4,151"
CUS-1511300,"$2,290"
CUS-1511600,"$2,925"
CUS-1513900,"$10,156"
CUS-1516250,"$2,973"
CUS-1534450,"$1,286"
CUS-1534700,$857
CUS-1536050,"$5,062"
CUS-1538600,"$7,443"
CUS-1548450,"$46,606"
CUS-1549550,$993
CUS-1552200,"$4,566"
CUS-1552300,"$2,029"
CUS-1559050,"$10,076"
CUS-1559100,"$9,191"
CUS-1559150,"$1,238"
CUS-1559200,"$1,229"
CUS-1559250,"$13,335"
CUS-1559900,"$23,214"
CUS-1561300,"$2,538"
CUS-1562650,"$2,372"
CUS-1562700,"$2,694"
CUS-1567350,$997
CUS-1569850,"$2,786"
CUS-1584400,"$6,323"
CUS-1585500,"$3,283"
CUS-1585900,"$5,261"
CUS-1585950,"$2,783"
CUS-1586100,"$6,452"
CUS-1586150,"$5,651"
CUS-1586200,"$6,637"
CUS-1586250,"$3,467"
CUS-1587450,"$2,857"
CUS-1595650,"$13,237"
CUS-1597400,$714
CUS-1597700,"$5,254"
CUS-1598800,$735
CUS-556900,"$14,874"
CUS-558150,"$7,664"
CUS-5599700,"$16,859"
CUS-5604900,"$5,552"
CUS-1446600,"$27,954"
CUS-1456600,"$1,200"
CUS-1460150,"$9,506"
CUS-1460200,"$12,746"
CUS-1460300,"$12,042"
CUS-1474350,$570
CUS-1484400,"$5,986"
CUS-1485100,"$4,334"
CUS-1489750,"$33,650"
CUS-1489800,"$3,802"
CUS-1492800,"$2,799"
CUS-1492950,"$7,421"
CUS-1493500,"$3,825"
CUS-1493550,"$5,590"
CUS-1496900,"$6,534"
CUS-1499750,"$46,206"
CUS-1500900,"$14,639"
CUS-1502300,"$2,701"
CUS-1509850,"$8,215"
CUS-1511400,"$2,087"
CUS-1516700,"$15,570"
CUS-1518000,"$3,992"
CUS-1518050,"$4,572"
CUS-1520650,"$1,620"
CUS-1520700,"$2,775"
CUS-1520750,"$4,048"
CUS-1526800,"$5,068"
CUS-1531100,"$3,973"
CUS-1534800,"$2,798"
CUS-1536550,"$2,852"
CUS-1541800,"$1,673"
CUS-1541850,"$4,968"
CUS-1554450,"$6,075"
CUS-1559300,"$1,620"
CUS-1566350,"$2,852"
CUS-1570150,"$12,900"
CUS-1573900,"$11,247"
CUS-1574200,"$1,046"
CUS-1577450,"$1,233"
CUS-1577700,"$22,713"
CUS-1586300,"$3,042"
CUS-5604300,"$16,222"
CUS-726400,"$2,737"
CUS-783450,"$1,237"
CUS-1450750,"$2,632"
CUS-1454650,"$1,153"
CUS-1455650,"$10,311"
CUS-1460700,"$1,789"
CUS-1469300,$737
CUS-1473000,$664
CUS-1490950,$102
CUS-1491000,$102
CUS-1496700,"$5,530"
CUS-1503950,"$4,134"
CUS-1530900,"$3,391"
CUS-1574350,"$6,295"
CUS-1575050,"$1,785"
CUS-5607950,$842
CUS-1347050,"$2,105"
CUS-1469550,"$6,579"
CUS-1494300,"$6,842"
CUS-1502700,"$4,737"
CUS-1513950,"$12,263"
CUS-1515700,"$9,500"
CUS-1517800,"$2,632"
CUS-1528200,"$3,158"
CUS-1529600,$843
CUS-1537800,"$5,000"
CUS-1542650,"$5,526"
CUS-1543600,$263
CUS-1543650,"$3,316"
CUS-1543700,$158
CUS-1543800,$526
CUS-1544800,$211
CUS-1560950,"$3,947"
CUS-1567800,"$4,140"
CUS-1598950,"$2,105"
CUS-712600,"$3,913"
CUS-714500,"$3,427"
CUS-714600,"$5,944"
CUS-1450300,"$6,040"
CUS-1451500,"$15,670"
CUS-1463400,"$13,876"
CUS-1471600,"$8,341"
CUS-1487750,"$4,094"
CUS-1510850,"$4,094"
CUS-394200,"$6,242"
CUS-660400,"$1,400"
CUS-667900,"$2,800"
CUS-155350,"$13,000"
CUS-768850,"$4,200"
CUS-1102150,"$1,491"
CUS-1281200,"$1,426"
CUS-1285150,"$2,178"
CUS-1290050,"$6,982"
CUS-272600,"$4,120"
CUS-1437150,$357
CUS-1446100,"$1,610"
CUS-1454950,"$3,296"
CUS-1465200,"$10,692"
CUS-1466200,"$1,731"
CUS-1468750,"$1,568"
CUS-1468800,"$1,225"
CUS-1470800,"$4,500"
CUS-1471300,"$2,000"
CUS-1472300,"$7,975"
CUS-1472500,"$2,000"
CUS-1472650,"$3,400"
CUS-1474400,"$1,754"
CUS-1476650,"$4,183"
CUS-1478900,"$1,117"
CUS-1480550,"$1,313"
CUS-1482900,$990
CUS-1483150,"$1,015"
CUS-1489100,"$2,150"
CUS-1489250,"$2,100"
CUS-1489300,$800
CUS-1489350,$800
CUS-1491900,"$2,275"
CUS-1492050,$525
CUS-1492100,"$4,150"
CUS-1493250,$980
CUS-1499500,$875
CUS-1506700,"$6,030"
CUS-1508200,$500
CUS-1508250,$500
CUS-1508300,"$1,500"
CUS-1510050,$150
CUS-1510100,$150
CUS-1510150,"$1,000"
CUS-1510350,"$1,250"
CUS-1516200,"$1,000"
CUS-1517200,"$1,889"
CUS-1531150,"$1,430"
CUS-1536150,"$1,690"
CUS-1536400,"$1,602"
CUS-1544950,$780
CUS-1554550,"$4,521"
CUS-1559400,"$1,200"
CUS-1560700,"$2,269"
CUS-1561000,"$1,668"
CUS-1568050,"$2,205"
CUS-1570500,"$2,571"
CUS-164850,"$49,980"
CUS-338100,"$1,200"
CUS-532950,"$2,314"
CUS-190300,"$2,500"
CUS-580650,"$3,230"
CUS-715900,$745
CUS-796350,$248
CUS-833950,"$4,048"
CUS-224800,"$1,528"
CUS-960300,"$1,451"
CUS-237600,"$2,291"
CUS-1485200,"$1,910"
CUS-1485400,"$1,528"
CUS-1510400,"$9,227"
CUS-1530300,"$1,887"
CUS-340450,"$3,132"
CUS-361800,"$1,528"
CUS-362650,"$1,375"
CUS-552650,$993
CUS-645900,$745
CUS-5603000,"$1,980"
CUS-796400,"$11,142"
CUS-830700,$497
CUS-1005900,"$29,012"
CUS-1006000,"$3,257"
CUS-1068750,"$5,571"
CUS-243550,"$6,985"
CUS-1086200,"$9,256"
CUS-244800,"$8,399"
CUS-1465150,"$6,574"
CUS-1470400,"$33,433"
CUS-1475350,"$4,114"
CUS-1520300,"$3,163"
CUS-1532500,"$6,257"
CUS-1542150,"$7,028"
CUS-1551650,"$3,428"
CUS-1552700,"$2,571"
CUS-1563250,"$1,457"
CUS-1579000,"$1,363"
CUS-1589750,"$3,000"
CUS-1600200,"$3,428"
CUS-419600,"$8,571"
CUS-1525900,"$15,518"
CUS-1570200,"$5,391"
CUS-200350,"$27,356"
CUS-671450,"$5,950"
CUS-208800,$588
CUS-236800,"$1,800"
CUS-1082550,"$6,250"
CUS-1283250,"$43,559"
CUS-161650,"$3,170"
CUS-1336650,"$2,580"
CUS-1435350,"$6,318"
CUS-1442050,"$13,599"
CUS-1453750,"$2,000"
CUS-1453950,"$3,330"
CUS-1471400,$588
CUS-1471650,$196
CUS-1471700,$196
CUS-1471750,$196
CUS-1471800,$588
CUS-1471850,$588
CUS-1471900,$588
CUS-1471950,$588
CUS-1472000,$196
CUS-1472050,$196
CUS-1472150,$588
CUS-1473400,"$2,000"
CUS-1481050,"$1,238"
CUS-1481600,"$1,038"
CUS-1492600,"$4,379"
CUS-1511100,"$3,266"
CUS-1526750,"$2,904"
CUS-1541350,"$4,858"
CUS-1548400,"$4,037"
CUS-1588050,"$3,491"
CUS-1607700,"$2,898"
CUS-1607800,"$2,973"
CUS-338700,$595
CUS-346400,$588
CUS-421850,$588
CUS-513950,$588
CUS-514050,$196
CUS-514100,$196
CUS-552600,"$4,000"
CUS-626250,"$7,741"
CUS-5600750,"$5,095"
CUS-5603850,$581
CUS-5603900,$426
CUS-5603950,$337
CUS-5604000,$157
CUS-5604350,"$2,848"
CUS-1091150,"$4,737"
CUS-1129750,"$2,557"
CUS-1162550,"$5,789"
CUS-1352250,"$2,557"
CUS-1352350,"$2,557"
CUS-1352400,"$2,557"
CUS-1352450,"$2,557"
CUS-1437300,"$6,253"
CUS-1438550,"$6,445"
CUS-1442600,"$6,444"
CUS-1445750,"$6,026"
CUS-1461150,"$1,822"
CUS-1461450,"$9,163"
CUS-1468700,"$4,556"
CUS-1470750,"$7,603"
CUS-1475750,"$1,579"
CUS-1477500,$241
CUS-1477550,$241
CUS-1477750,$241
CUS-1477850,$241
CUS-1478500,"$7,734"
CUS-1478550,"$3,289"
CUS-1483450,"$9,244"
CUS-1483600,"$1,639"
CUS-1495850,"$7,431"
CUS-1495900,"$8,140"
CUS-1508100,"$4,255"
CUS-1509500,"$4,211"
CUS-1512050,$526
CUS-1514550,"$9,943"
CUS-1521400,"$2,623"
CUS-1521500,"$3,937"
CUS-1527250,"$6,439"
CUS-1538950,"$6,405"
CUS-1558000,"$7,752"
CUS-1586950,"$8,011"
CUS-1587350,"$4,300"
CUS-1595750,"$4,424"
CUS-1600650,"$3,188"
CUS-1607100,"$6,820"
CUS-1442350,$350
CUS-1444600,"$2,214"
CUS-1481750,"$1,490"
CUS-590150,"$4,672"
CUS-774850,"$8,728"
CUS-775950,"$2,884"
CUS-777900,"$1,739"
CUS-783250,"$8,353"
CUS-785300,"$1,078"
CUS-806850,"$1,921"
CUS-807100,"$1,563"
CUS-908900,"$3,923"
CUS-908950,"$2,774"
CUS-1002400,"$6,716"
CUS-1091250,"$3,459"
CUS-1091300,"$3,459"
CUS-1267350,"$1,607"
CUS-1293150,"$3,314"
CUS-266200,"$1,363"
CUS-268550,"$2,965"
CUS-271550,"$2,475"
CUS-1434650,$716
CUS-1447200,"$3,412"
CUS-1447350,"$3,412"
CUS-1447650,"$3,193"
CUS-1451200,"$5,406"
CUS-1455200,"$7,475"
CUS-1457950,"$16,896"
CUS-1462000,"$4,828"
CUS-1478200,"$4,092"
CUS-1485600,"$1,838"
CUS-1485800,"$1,300"
CUS-1488800,$266
CUS-1488850,$411
CUS-1493150,$513
CUS-1496100,$27
CUS-1496150,$27
CUS-1496200,$26
CUS-1496350,$26
CUS-1496400,$661
CUS-1496750,$466
CUS-1501300,"$1,208"
CUS-1509900,"$3,000"
CUS-1528100,"$22,589"
CUS-1552950,"$3,459"
CUS-1553000,"$3,459"
CUS-1553050,"$4,537"
CUS-1553100,"$3,459"
CUS-291650,"$3,211"
CUS-1569700,"$1,071"
CUS-1569750,"$1,071"
CUS-1578450,"$2,851"
CUS-1600450,"$2,851"
CUS-303900,"$6,127"
CUS-332050,"$5,096"
CUS-169050,$490
CUS-169100,"$12,632"
CUS-349000,"$3,211"
CUS-349050,"$3,211"
CUS-349150,"$3,211"
CUS-152050,"$2,326"
CUS-417150,"$3,923"
CUS-417200,"$3,923"
CUS-424300,"$2,836"
CUS-424350,"$2,836"
CUS-424400,"$2,836"
CUS-424450,"$2,836"
CUS-424550,"$2,836"
CUS-152900,"$5,652"
CUS-547400,"$3,412"
CUS-547450,"$3,412"
CUS-547550,"$3,412"
CUS-563450,"$5,620"
CUS-596350,"$8,989"
CUS-5603050,"$1,250"
CUS-661350,"$15,600"
CUS-726750,"$1,113"
CUS-955850,"$2,091"
CUS-1449000,"$1,017"
CUS-1449050,"$1,017"
CUS-1451300,"$1,017"
CUS-1461950,$364
CUS-1478350,"$3,536"
CUS-1491100,"$4,364"
CUS-1500050,"$1,655"
CUS-1502750,"$5,127"
CUS-1514050,"$7,091"
CUS-1525950,"$1,909"
CUS-515050,"$3,215"
CUS-153750,"$14,352"
CUS-1450850,"$1,854"
CUS-1456200,"$5,450"
CUS-1461000,"$4,000"
CUS-1463000,"$7,191"
CUS-1467200,"$1,520"
CUS-1481950,"$4,900"
CUS-1483050,"$11,684"
CUS-1484950,"$2,500"
CUS-1485050,$400
CUS-1496550,"$1,305"
CUS-1496600,"$2,329"
CUS-1500150,"$2,987"
CUS-1500200,"$1,704"
CUS-1500300,"$1,272"
CUS-1538100,"$9,500"
CUS-1553500,"$2,700"
CUS-1588400,$777
CUS-1598500,$624
CUS-711000,"$4,016"
CUS-792350,"$4,016"
CUS-832650,"$3,733"
CUS-1040600,"$7,846"
CUS-1090300,"$27,822"
CUS-162100,"$4,070"
CUS-1393800,"$6,898"
CUS-1429300,"$1,439"
CUS-1440050,"$5,850"
CUS-1457250,$768
CUS-1459300,"$3,511"
CUS-1460600,"$4,942"
CUS-1472600,"$2,750"
CUS-1476950,$718
CUS-1478050,"$4,921"
CUS-1482250,$750
CUS-1483100,$292
CUS-1486500,$666
CUS-1486550,$666
CUS-1503450,$814
CUS-1513450,"$9,636"
CUS-1520200,"$1,500"
CUS-1531550,"$3,626"
CUS-294600,"$3,140"
CUS-617450,"$3,582"
CUS-828400,"$5,100"
CUS-845700,"$1,145"
CUS-983600,"$7,500"
CUS-993250,"$7,368"
CUS-1047150,"$3,733"
CUS-1149100,"$7,702"
CUS-1441050,"$1,350"
CUS-1441100,"$1,350"
CUS-1442150,"$6,426"
CUS-1453650,"$2,000"
CUS-1454700,"$3,010"
CUS-1458100,"$3,500"
CUS-1470950,"$14,297"
CUS-1482500,"$5,131"
CUS-1482550,"$5,131"
CUS-1488650,"$4,950"
CUS-1489400,"$2,706"
CUS-1497300,"$8,483"
CUS-1497650,"$4,230"
CUS-1516650,"$6,447"
CUS-305050,"$5,282"
CUS-434600,"$8,921"
CUS-530450,"$5,607"
CUS-557000,"$4,862"
CUS-606900,"$9,250"
CUS-608250,"$9,177"
CUS-621600,"$1,240"
CUS-631850,"$3,697"
CUS-5600500,$840
CUS-5603100,$833
CUS-5604950,$325
CUS-5605000,$325
CUS-5605550,"$1,286"
CUS-203250,"$2,086"
CUS-703400,"$1,057"
CUS-703450,$514
CUS-703500,"$1,029"
CUS-208300,$411
CUS-155800,"$2,771"
CUS-155850,$145
CUS-155950,$253
CUS-156000,$383
CUS-156100,"$2,163"
CUS-767350,"$1,200"
CUS-812200,"$1,480"
CUS-156650,$814
CUS-156700,$486
CUS-222250,"$2,055"
CUS-879300,"$1,029"
CUS-157450,$686
CUS-907950,"$1,743"
CUS-157700,"$1,029"
CUS-927700,"$1,271"
CUS-927750,$800
CUS-927800,$43
CUS-157750,$326
CUS-950700,$971
CUS-230450,"$1,451"
CUS-230500,$914
CUS-158250,"$5,606"
CUS-158600,"$2,943"
CUS-158700,"$5,601"
CUS-1032150,$143
CUS-158850,"$6,857"
CUS-241400,"$2,286"
CUS-241450,$543
CUS-159200,"$1,571"
CUS-159300,$360
CUS-246300,$484
CUS-1134350,"$4,172"
CUS-248500,"$1,200"
CUS-159850,"$1,229"
CUS-160000,"$1,371"
CUS-160150,"$16,857"
CUS-252250,$657
CUS-160200,"$2,429"
CUS-160250,"$2,429"
CUS-1189650,"$2,429"
CUS-1194100,"$1,634"
CUS-160500,$514
CUS-1206050,"$1,486"
CUS-160550,"$4,854"
CUS-1235500,$657
CUS-1262600,"$3,086"
CUS-262450,"$1,714"
CUS-1301500,"$1,229"
CUS-1357850,"$1,171"
CUS-277800,$798
CUS-1437350,$857
CUS-1438700,"$5,318"
CUS-1440250,"$4,449"
CUS-1441000,$571
CUS-1441700,"$4,200"
CUS-1442450,$943
CUS-1446450,"$1,143"
CUS-1449100,$217
CUS-1454050,"$2,286"
CUS-1454150,"$2,229"
CUS-1455100,"$8,341"
CUS-1455300,"$1,829"
CUS-1456900,$600
CUS-1459100,"$2,971"
CUS-1459400,$371
CUS-1461200,$98
CUS-1461250,$671
CUS-281300,"$2,257"
CUS-1463600,"$1,000"
CUS-1467750,"$1,014"
CUS-1468200,"$3,200"
CUS-1468300,"$1,571"
CUS-1468550,$145
CUS-1469250,$444
CUS-1470150,$411
CUS-1470900,"$1,431"
CUS-1472200,$700
CUS-1476150,"$1,267"
CUS-1476450,$300
CUS-1476600,$376
CUS-1476750,"$1,457"
CUS-1477650,$829
CUS-1479100,$498
CUS-1480750,"$1,014"
CUS-1481000,$914
CUS-1482650,"$1,914"
CUS-1490450,"$1,549"
CUS-1490500,"$1,686"
CUS-1494100,$629
CUS-1497050,$571
CUS-1498700,"$1,160"
CUS-1499000,"$4,549"
CUS-1499900,$257
CUS-1500400,$180
CUS-1500700,"$3,786"
CUS-1500800,$857
CUS-1501200,$214
CUS-1501250,$571
CUS-1501700,"$1,143"
CUS-1502150,"$1,646"
CUS-1502900,"$2,382"
CUS-1503000,"$2,086"
CUS-1507300,"$1,283"
CUS-1509200,$429
CUS-1509800,$857
CUS-1512550,$414
CUS-1514000,$263
CUS-1514300,$703
CUS-1514950,"$1,963"
CUS-1515050,$145
CUS-1515900,$331
CUS-1516350,$321
CUS-1517350,$686
CUS-1519500,$423
CUS-1520050,"$1,246"
CUS-1520250,$509
CUS-1520350,$857
CUS-1523550,"$15,714"
CUS-1524000,"$1,254"
CUS-1524100,"$8,000"
CUS-1524250,"$2,157"
CUS-1525550,$439
CUS-1528050,$263
CUS-1528550,"$1,782"
CUS-1528600,$889
CUS-1529250,$109
CUS-1530400,"$2,213"
CUS-1530500,"$1,829"
CUS-1530650,"$1,829"
CUS-1531000,"$1,657"
CUS-1531400,$527
CUS-1531800,$198
CUS-1533750,"$6,857"
CUS-1535400,"$1,061"
CUS-1536350,"$1,714"
CUS-1537400,"$1,143"
CUS-1537450,"$2,000"
CUS-1538550,"$1,612"
CUS-1539300,$960
CUS-1539350,$960
CUS-1539500,"$2,639"
CUS-1541700,"$1,786"
CUS-1542300,$286
CUS-1543200,"$2,000"
CUS-1543250,$425
CUS-1543300,"$1,397"
CUS-1546550,"$1,257"
CUS-1551150,"$3,000"
CUS-1552350,"$1,143"
CUS-1552750,$400
CUS-1553650,"$1,429"
CUS-1554250,"$1,600"
CUS-1554300,$571
CUS-1554800,$919
CUS-1554900,$857
CUS-1557850,$871
CUS-1559700,"$2,388"
CUS-1559850,"$1,771"
CUS-1560200,$672
CUS-291050,$114
CUS-1562450,$857
CUS-1564700,$852
CUS-1565050,$80
CUS-1572850,"$1,286"
CUS-1573600,"$1,492"
CUS-1577100,"$2,014"
CUS-1579850,"$2,903"
CUS-1580200,"$1,429"
CUS-1580250,$798
CUS-1586900,$943
CUS-1588950,"$2,244"
CUS-1589200,"$1,200"
CUS-1600300,$829
CUS-1601650,"$1,571"
CUS-304750,"$1,429"
CUS-165750,$480
CUS-166050,$914
CUS-166150,"$1,896"
CUS-166200,"$3,411"
CUS-166250,"$2,000"
CUS-166300,"$2,286"
CUS-314750,$571
CUS-314850,$657
CUS-166450,"$1,029"
CUS-166700,"$2,457"
CUS-166750,$34
CUS-166800,"$9,257"
CUS-167000,"$3,857"
CUS-322550,"$2,286"
CUS-329450,"$2,714"
CUS-330400,$971
CUS-331650,$723
CUS-337900,"$1,257"
CUS-351050,$629
CUS-351350,$343
CUS-355050,"$3,086"
CUS-362300,$429
CUS-370200,$857
CUS-172100,"$11,429"
CUS-372100,"$3,386"
CUS-378850,"$1,231"
CUS-172850,$217
CUS-381600,$143
CUS-387600,"$1,886"
CUS-173800,"$1,100"
CUS-398000,"$5,517"
CUS-401300,$251
CUS-440800,$57
CUS-182200,"$1,477"
CUS-183300,"$1,843"
CUS-490200,"$1,646"
CUS-510050,$740
CUS-531300,"$4,457"
CUS-189700,$394
CUS-561550,"$8,571"
CUS-578400,"$4,000"
CUS-589150,$971
CUS-607700,$666
CUS-615000,$743
CUS-5602400,"$4,630"
CUS-5605850,"$1,400"
CUS-888350,"$1,255"
CUS-920750,"$6,174"
CUS-986100,"$7,363"
CUS-1097250,"$12,338"
CUS-1179100,"$3,630"
CUS-1393900,"$2,222"
CUS-276400,"$2,667"
CUS-1442100,"$3,667"
CUS-1443100,"$3,744"
CUS-1444350,"$5,560"
CUS-1444400,"$5,145"
CUS-1445650,"$4,539"
CUS-1446500,"$9,519"
CUS-1453800,"$1,333"
CUS-1454750,"$10,500"
CUS-1456450,"$6,697"
CUS-1459450,"$4,056"
CUS-1459500,"$3,428"
CUS-1461550,"$1,983"
CUS-1469800,"$2,590"
CUS-1469950,"$1,075"
CUS-1470050,"$2,419"
CUS-1479850,"$2,407"
CUS-1483000,"$1,111"
CUS-1484600,"$26,111"
CUS-1487900,"$3,519"
CUS-1487950,"$1,759"
CUS-1488000,$880
CUS-1488050,$880
CUS-1488100,$259
CUS-1488150,$333
CUS-1488250,$630
CUS-1488300,$259
CUS-1488400,$630
CUS-1488450,$185
CUS-1489550,$185
CUS-1490400,"$2,222"
CUS-1493050,"$3,184"
CUS-1493300,"$6,020"
CUS-1495450,"$24,777"
CUS-1501100,"$10,336"
CUS-1501150,"$12,548"
CUS-1507250,"$3,628"
CUS-1513100,"$1,300"
CUS-1513350,"$7,013"
CUS-1514100,"$1,524"
CUS-1516600,"$1,800"
CUS-1518650,"$2,808"
CUS-1520850,"$2,704"
CUS-1521000,"$1,488"
CUS-1521150,"$3,419"
CUS-1525000,"$10,688"
CUS-1525450,"$5,926"
CUS-1537150,"$3,600"
CUS-1537600,"$5,300"
CUS-1539150,"$1,200"
CUS-1542550,"$5,460"
CUS-1544450,"$1,740"
CUS-1544850,$556
CUS-1549400,"$6,874"
CUS-1551100,"$4,111"
CUS-1559650,"$4,167"
CUS-1560750,"$3,000"
CUS-1562000,"$3,000"
CUS-1566750,"$7,135"
CUS-1575550,"$2,297"
CUS-1577800,$556
CUS-1579750,"$11,407"
CUS-1585050,"$4,632"
CUS-1586700,"$3,272"
CUS-1586750,"$9,722"
CUS-1596650,"$1,111"
CUS-1600250,"$1,158"
CUS-1605450,"$3,907"
CUS-329000,"$15,152"
CUS-470750,"$5,275"
CUS-480100,"$10,780"
CUS-530100,"$3,037"
CUS-627000,"$4,493"
CUS-5604250,"$1,358"
CUS-1437050,"$15,205"
CUS-1446550,"$1,632"
CUS-1454600,"$51,000"
CUS-1457050,"$5,207"
CUS-1460500,"$1,415"
CUS-1461800,"$7,027"
CUS-1467650,"$11,318"
CUS-1474200,"$5,950"
CUS-1478100,"$2,167"
CUS-1479000,"$12,059"
CUS-1482400,"$4,392"
CUS-1484500,"$7,626"
CUS-1485300,"$20,192"
CUS-1488950,"$1,844"
CUS-1489600,"$3,471"
CUS-1494150,"$8,830"
CUS-1494250,"$5,522"
CUS-1521250,"$10,027"
CUS-1535750,"$5,010"
CUS-1538850,"$8,819"
CUS-1558200,$609
CUS-1558250,$749
CUS-1558300,"$1,668"
CUS-1558400,$806
CUS-1558450,"$2,004"
CUS-1558550,"$1,310"
CUS-1558600,$598
CUS-1558650,$856
CUS-1558750,"$1,193"
CUS-1558800,$828
CUS-1558900,"$1,018"
CUS-1558950,$908
CUS-1559600,$675
CUS-1562300,"$2,758"
CUS-1587000,"$6,757"
CUS-1589350,"$3,378"
CUS-1602000,"$1,958"
CUS-1606650,"$1,958"
CUS-1606700,"$1,958"
CUS-1606750,"$1,958"
CUS-1606800,"$1,958"
CUS-1606850,"$1,958"
CUS-533750,"$1,689"
CUS-5607000,$754
CUS-1482700,"$3,003"
CUS-1484050,"$3,250"
CUS-1507850,"$3,105"
CUS-1517150,"$1,200"
CUS-1520400,"$2,500"
CUS-1542450,"$2,500"
CUS-1546750,"$11,000"
CUS-1553850,"$1,420"
CUS-1567200,$500
CUS-1569550,"$2,000"
CUS-1569600,"$1,000"
CUS-1577150,"$2,000"
CUS-1580550,"$5,010"
CUS-1580700,"$1,900"
CUS-1580750,$996
CUS-1585400,$500
CUS-1589800,"$1,000"
CUS-1597000,"$1,000"
CUS-1597050,"$1,000"
CUS-1597100,"$1,000"
CUS-1597150,"$1,000"
CUS-651350,"$2,859"
CUS-5600650,"$1,980"
CUS-5602050,"$1,500"
CUS-672900,"$1,645"
CUS-916650,"$10,671"
CUS-1019500,"$7,744"
CUS-1203300,"$4,007"
CUS-1280600,"$10,670"
CUS-1337250,"$1,700"
CUS-1384400,"$18,750"
CUS-1443200,"$2,142"
CUS-1444700,"$9,250"
CUS-1449300,"$1,300"
CUS-1453500,"$1,338"
CUS-1453900,"$6,500"
CUS-1460750,"$8,058"
CUS-1464000,"$3,750"
CUS-1464100,"$34,700"
CUS-1464200,"$1,302"
CUS-1473900,"$5,688"
CUS-1479600,"$6,842"
CUS-1481150,"$3,800"
CUS-1482350,"$14,940"
CUS-1484000,"$2,442"
CUS-1497450,"$2,930"
CUS-1499800,"$5,913"
CUS-1502200,$334
CUS-1502950,"$3,534"
CUS-1507950,"$8,366"
CUS-1508050,"$4,923"
CUS-1513800,"$2,500"
CUS-1516100,"$1,350"
CUS-1517900,"$8,001"
CUS-1518300,"$2,180"
CUS-1518400,"$20,660"
CUS-1520600,$540
CUS-1525250,"$1,000"
CUS-1525300,"$19,300"
CUS-1526000,"$4,450"
CUS-1526100,"$2,250"
CUS-1526150,"$3,456"
CUS-1526200,"$4,900"
CUS-289850,"$30,014"
CUS-1554050,"$6,030"
CUS-1573650,"$2,811"
CUS-1585300,"$1,700"
CUS-1589600,"$1,700"
CUS-1597300,"$1,168"
CUS-1597350,"$1,688"
CUS-439300,"$2,450"
CUS-499900,$663
CUS-185300,"$6,500"
CUS-565500,"$10,000"
CUS-571300,"$1,521"
CUS-591000,"$2,135"
